name,username,email
John Doe,john.doe,johndoe@gmail.com
Amashi Bastiansz,amashi.bas,amasandunikab@gmail.com
Reinhold Casperri,rcasperri0,rcasperri0@parallels.com
Kellia Durward,kdurward1,kdurward1@comsenz.com
Pail Waistell,pwaistell2,pwaistell2@newyorker.com
Deeann Griggs,dgriggs3,dgriggs3@github.io
Norry Dutton,ndutton4,ndutton4@mlb.com
Zita Romanetti,zromanetti5,zromanetti5@wix.com
Ami Scotcher,ascotcher6,ascotcher6@tmall.com
Miran Scholtis,mscholtis7,mscholtis7@webnode.com
Damara Berzins,dberzins8,dberzins8@rediff.com
Valentine Skeldinge,vskeldinge9,vskeldinge9@globo.com
Eduard Aucoate,eaucoatea,eaucoatea@latimes.com
Lisetta Chaunce,lchaunceb,lchaunceb@foxnews.com
Meredith Swatridge,mswatridgec,mswatridgec@lycos.com
Cristionna Prydie,cprydied,cprydied@live.com
Ekaterina D'Almeida,edalmeidae,edalmeidae@arstechnica.com
Joellyn Mattin,jmattinf,jmattinf@ow.ly
Susana Lantiffe,slantiffeg,slantiffeg@last.fm
Jesse Pooly,jpoolyh,jpoolyh@amazon.de
Jakob Jansema,jjansemai,jjansemai@slate.com
Mallorie Maleham,mmalehamj,mmalehamj@columbia.edu
Urbanus Kisar,ukisark,ukisark@people.com.cn
Alexis Goulbourn,agoulbournl,agoulbournl@weibo.com
Meara Fumagalli,mfumagallim,mfumagallim@t.co
Rolando Proudley,rproudleyn,rproudleyn@edublogs.org
Allsun Crowest,acrowesto,acrowesto@cdc.gov
Waverley Gadeaux,wgadeauxp,wgadeauxp@bluehost.com
Abran Chilton,achiltonq,achiltonq@addtoany.com
Jasmin Tilliards,jtilliardsr,jtilliardsr@rediff.com
Kalvin Plevey,kpleveys,kpleveys@elegantthemes.com
Allix Ong,aongt,aongt@icq.com
Vivyanne Newman,vnewmanu,vnewmanu@arstechnica.com
Cecil Moyles,cmoylesv,cmoylesv@exblog.jp
Hannah Gyppes,hgyppesw,hgyppesw@jigsy.com
Rivalee Aveling,ravelingx,ravelingx@jiathis.com
Abrahan Izen,aizeny,aizeny@dell.com
Rodolphe Nimmo,rnimmoz,rnimmoz@yandex.ru
Thelma Coleford,tcoleford10,tcoleford10@blogtalkradio.com
Carrie German,cgerman11,cgerman11@merriam-webster.com
Aprilette Pattlel,apattlel12,apattlel12@yahoo.com
Petronilla McKinna,pmckinna13,pmckinna13@indiatimes.com
Faulkner Tremellan,ftremellan14,ftremellan14@sun.com
Rodina Lathan,rlathan15,rlathan15@soup.io
Cherye Wikey,cwikey16,cwikey16@noaa.gov
Shari Mingasson,smingasson17,smingasson17@hao123.com
Lesya Welfare,lwelfare18,lwelfare18@nhs.uk
Dev Clunie,dclunie19,dclunie19@kickstarter.com
Antony Conahy,aconahy1a,aconahy1a@bloomberg.com
Lilllie Buer,lbuer1b,lbuer1b@last.fm
Chantalle Wellbeloved,cwellbeloved1c,cwellbeloved1c@wisc.edu
Mair Brody,mbrody1d,mbrody1d@timesonline.co.uk
Dyan Vondrach,dvondrach1e,dvondrach1e@last.fm
Gannon McTaggart,gmctaggart1f,gmctaggart1f@boston.com
Tod Fattorini,tfattorini1g,tfattorini1g@bloglovin.com
Lutero Swannack,lswannack1h,lswannack1h@linkedin.com
Consuelo Iltchev,ciltchev1i,ciltchev1i@aol.com
Dyna Roath,droath1j,droath1j@earthlink.net
Lesly Lamlin,llamlin1k,llamlin1k@wunderground.com
Risa Drogan,rdrogan1l,rdrogan1l@sciencedirect.com
Mara Ninotti,mninotti1m,mninotti1m@salon.com
Abigael Crocetto,acrocetto1n,acrocetto1n@cdbaby.com
Lammond Broadstock,lbroadstock1o,lbroadstock1o@huffingtonpost.com
Eziechiele McNickle,emcnickle1p,emcnickle1p@unblog.fr
Ephraim Brough,ebrough1q,ebrough1q@flavors.me
Wynnie Durbin,wdurbin1r,wdurbin1r@unicef.org
Simonette MacKeig,smackeig1s,smackeig1s@nature.com
Maribeth Such,msuch1t,msuch1t@slate.com
Zuzana Miguel,zmiguel1u,zmiguel1u@comsenz.com
Bertrand Rangeley,brangeley1v,brangeley1v@eventbrite.com
Rana Prise,rprise1w,rprise1w@ocn.ne.jp
Zechariah Cromb,zcromb1x,zcromb1x@netvibes.com
Chrystel Peele,cpeele1y,cpeele1y@nih.gov
Honey Shevell,hshevell1z,hshevell1z@yahoo.com
Guglielma Pughe,gpughe20,gpughe20@wiley.com
Berny Deaville,bdeaville21,bdeaville21@cnet.com
Zorina Fortin,zfortin22,zfortin22@spotify.com
Lisbeth Calley,lcalley23,lcalley23@tumblr.com
Masha Deluca,mdeluca24,mdeluca24@cdc.gov
Lief Loggie,lloggie25,lloggie25@ebay.com
Phillipe Cristea,pcristea26,pcristea26@washingtonpost.com
Franny Kemmett,fkemmett27,fkemmett27@tamu.edu
Artie Botte,abotte28,abotte28@rambler.ru
Tansy Kollach,tkollach29,tkollach29@altervista.org
Granger Chazerand,gchazerand2a,gchazerand2a@bravesites.com
Dan Summerell,dsummerell2b,dsummerell2b@guardian.co.uk
Nydia Hulson,nhulson2c,nhulson2c@pbs.org
Sergio Norquay,snorquay2d,snorquay2d@hibu.com
Talyah Barmby,tbarmby2e,tbarmby2e@walmart.com
Rafe Snewin,rsnewin2f,rsnewin2f@dailymail.co.uk
Ilsa McLae,imclae2g,imclae2g@cnet.com
Rochester Planke,rplanke2h,rplanke2h@squidoo.com
Benedikt Caldaro,bcaldaro2i,bcaldaro2i@wiley.com
Eileen Lauritsen,elauritsen2j,elauritsen2j@freewebs.com
Blake Ludye,bludye2k,bludye2k@comcast.net
Cindie Excell,cexcell2l,cexcell2l@examiner.com
Jacky Walkden,jwalkden2m,jwalkden2m@cdc.gov
Pamela Bateman,pbateman2n,pbateman2n@ucoz.ru
Klara Alti,kalti2o,kalti2o@w3.org
Locke Emps,lemps2p,lemps2p@ezinearticles.com
Wadsworth Tullett,wtullett2q,wtullett2q@businessinsider.com
Stefanie Cisar,scisar2r,scisar2r@mit.edu
Ulysses Hicks,uhicks2s,uhicks2s@rediff.com
Krissy Bordone,kbordone2t,kbordone2t@networkadvertising.org
Lyell Vannar,lvannar2u,lvannar2u@nhs.uk
Forbes Lokier,flokier2v,flokier2v@un.org
Catina Ambrosi,cambrosi2w,cambrosi2w@ning.com
Cati Gaddie,cgaddie2x,cgaddie2x@sohu.com
Shawnee Thicking,sthicking2y,sthicking2y@facebook.com
Sigismundo Giscken,sgiscken2z,sgiscken2z@harvard.edu
Greggory Ugo,gugo30,gugo30@printfriendly.com
Karisa Rouf,krouf31,krouf31@amazon.co.uk
Scarlet Sessions,ssessions32,ssessions32@cyberchimps.com
Rudolfo Gratrex,rgratrex33,rgratrex33@bbc.co.uk
Orel Dudmesh,odudmesh34,odudmesh34@nytimes.com
Minetta Challenor,mchallenor35,mchallenor35@ask.com
Reube Pree,rpree36,rpree36@rakuten.co.jp
Daile Guerreiro,dguerreiro37,dguerreiro37@harvard.edu
Almeta Tapping,atapping38,atapping38@google.de
Benny Duddridge,bduddridge39,bduddridge39@disqus.com
Harcourt Le Page,hle3a,hle3a@qq.com
Killie Murrell,kmurrell3b,kmurrell3b@thetimes.co.uk
Cecil Hovell,chovell3c,chovell3c@indiegogo.com
Maureen Le Maitre,mle3d,mle3d@unblog.fr
Uriah Wooles,uwooles3e,uwooles3e@patch.com
Jodee Clemont,jclemont3f,jclemont3f@prnewswire.com
Darren Kornousek,dkornousek3g,dkornousek3g@bing.com
Chloris Sarvar,csarvar3h,csarvar3h@nhs.uk
Samara Manilove,smanilove3i,smanilove3i@angelfire.com
Daffy Busswell,dbusswell3j,dbusswell3j@dot.gov
Yvonne Littlejohns,ylittlejohns3k,ylittlejohns3k@theglobeandmail.com
Adrianne O' Hern,ao3l,ao3l@opensource.org
Lalo Bridal,lbridal3m,lbridal3m@nps.gov
Lola Geikie,lgeikie3n,lgeikie3n@is.gd
Neill Arends,narends3o,narends3o@istockphoto.com
Sibella Semmence,ssemmence3p,ssemmence3p@unesco.org
Karel Hartas,khartas3q,khartas3q@gnu.org
Hannie Iverson,hiverson3r,hiverson3r@nbcnews.com
Karlotte Chasier,kchasier3s,kchasier3s@joomla.org
Ellissa Wigfield,ewigfield3t,ewigfield3t@home.pl
Torie Warne,twarne3u,twarne3u@google.ca
Harry Schapero,hschapero3v,hschapero3v@google.pl
Ailina Choldcroft,acholdcroft3w,acholdcroft3w@printfriendly.com
Dulci Klejna,dklejna3x,dklejna3x@examiner.com
Patience Wickendon,pwickendon3y,pwickendon3y@mit.edu
Dallon Swains,dswains3z,dswains3z@un.org
George Wolsey,gwolsey40,gwolsey40@123-reg.co.uk
Johny Twaite,jtwaite41,jtwaite41@google.es
Henriette Bolwell,hbolwell42,hbolwell42@mozilla.org
Lorenza Warrillow,lwarrillow43,lwarrillow43@va.gov
Quinn Mash,qmash44,qmash44@skype.com
Johna Begbie,jbegbie45,jbegbie45@eventbrite.com
Ethelbert Bemrose,ebemrose46,ebemrose46@e-recht24.de
Bryce Haet,bhaet47,bhaet47@mashable.com
Curtis Link,clink48,clink48@livejournal.com
Jillian Arnoud,jarnoud49,jarnoud49@wp.com
Otto Ride,oride4a,oride4a@macromedia.com
Deedee Ibbotson,dibbotson4b,dibbotson4b@huffingtonpost.com
Shurwood Shieber,sshieber4c,sshieber4c@fotki.com
Liam Clawsley,lclawsley4d,lclawsley4d@mail.ru
Bryanty Beckmann,bbeckmann4e,bbeckmann4e@nba.com
Den Hulcoop,dhulcoop4f,dhulcoop4f@networksolutions.com
Wit Doran,wdoran4g,wdoran4g@omniture.com
Antoinette Howlin,ahowlin4h,ahowlin4h@shareasale.com
Kiley Tomczynski,ktomczynski4i,ktomczynski4i@stanford.edu
Vinny Malia,vmalia4j,vmalia4j@imgur.com
Larry Penreth,lpenreth4k,lpenreth4k@toplist.cz
Roth Hixley,rhixley4l,rhixley4l@dropbox.com
Sebastien Dublin,sdublin4m,sdublin4m@mtv.com
Onofredo Hussy,ohussy4n,ohussy4n@phoca.cz
Margeaux Jillions,mjillions4o,mjillions4o@usnews.com
Britni Searl,bsearl4p,bsearl4p@cyberchimps.com
Jen Lambart,jlambart4q,jlambart4q@cbslocal.com
Abra Zuppa,azuppa4r,azuppa4r@trellian.com
Joella Urvoy,jurvoy4s,jurvoy4s@fema.gov
Annamarie Aslen,aaslen4t,aaslen4t@dyndns.org
Dosi Postlethwaite,dpostlethwaite4u,dpostlethwaite4u@xrea.com
Ajay Lamke,alamke4v,alamke4v@prweb.com
Jere Waggatt,jwaggatt4w,jwaggatt4w@devhub.com
Franni Garnsworthy,fgarnsworthy4x,fgarnsworthy4x@howstuffworks.com
Odele Spurden,ospurden4y,ospurden4y@squidoo.com
Nadean Ruston,nruston4z,nruston4z@nbcnews.com
Colet Redfield,credfield50,credfield50@usnews.com
Kathi Ricciardo,kricciardo51,kricciardo51@youtube.com
Patten Droghan,pdroghan52,pdroghan52@simplemachines.org
Tasha Vane,tvane53,tvane53@globo.com
Raimundo Spark,rspark54,rspark54@skyrock.com
Geneva Dayes,gdayes55,gdayes55@constantcontact.com
Giulia Bielefeld,gbielefeld56,gbielefeld56@gmpg.org
Willdon Maynard,wmaynard57,wmaynard57@etsy.com
Carlita Hoggan,choggan58,choggan58@globo.com
Arnuad Dawidowicz,adawidowicz59,adawidowicz59@ocn.ne.jp
Baxy Dirr,bdirr5a,bdirr5a@microsoft.com
Lin Leyban,lleyban5b,lleyban5b@so-net.ne.jp
Bernie Forsard,bforsard5c,bforsard5c@umich.edu
Kahlil Crotch,kcrotch5d,kcrotch5d@tmall.com
Ainslee Coyett,acoyett5e,acoyett5e@histats.com
Jayme Cassimer,jcassimer5f,jcassimer5f@usda.gov
Ingram Junkison,ijunkison5g,ijunkison5g@foxnews.com
Alister Dunabie,adunabie5h,adunabie5h@newyorker.com
Filbert Breckin,fbreckin5i,fbreckin5i@oracle.com
Ansel Guillet,aguillet5j,aguillet5j@so-net.ne.jp
Korella Pactat,kpactat5k,kpactat5k@ibm.com
Rosaline Brave,rbrave5l,rbrave5l@blogtalkradio.com
Ashton Skewis,askewis5m,askewis5m@blogtalkradio.com
Martina Wolfit,mwolfit5n,mwolfit5n@independent.co.uk
Nikolaos Pauletto,npauletto5o,npauletto5o@alibaba.com
Hadleigh Sharrier,hsharrier5p,hsharrier5p@webs.com
Deeyn Linley,dlinley5q,dlinley5q@is.gd
Reena Woolens,rwoolens5r,rwoolens5r@theglobeandmail.com
Giordano Skewes,gskewes5s,gskewes5s@berkeley.edu
Bea Garioch,bgarioch5t,bgarioch5t@discovery.com
Joanie Dooland,jdooland5u,jdooland5u@joomla.org
Nicoline Necolds,nnecolds5v,nnecolds5v@engadget.com
Melany Iannazzi,miannazzi5w,miannazzi5w@jigsy.com
Janean Zannuto,jzannuto5x,jzannuto5x@privacy.gov.au
Emalia Bedlington,ebedlington5y,ebedlington5y@altervista.org
Harri Holyard,hholyard5z,hholyard5z@jiathis.com
Lindsay Crane,lcrane60,lcrane60@admin.ch
Chad Pendlebery,cpendlebery61,cpendlebery61@columbia.edu
Leila Dinkin,ldinkin62,ldinkin62@dell.com
Harland Goodered,hgoodered63,hgoodered63@mysql.com
Godfry Chippindale,gchippindale64,gchippindale64@hatena.ne.jp
Rorke Boow,rboow65,rboow65@google.nl
Ambros Ashton,aashton66,aashton66@tumblr.com
Merrill Pendergrast,mpendergrast67,mpendergrast67@deliciousdays.com
Rori Frisby,rfrisby68,rfrisby68@gov.uk
Nestor Coxon,ncoxon69,ncoxon69@elpais.com
Abraham Mougeot,amougeot6a,amougeot6a@jimdo.com
Jeff Wimpenny,jwimpenny6b,jwimpenny6b@businessweek.com
Romeo Ferretti,rferretti6c,rferretti6c@google.de
Gael Jeeks,gjeeks6d,gjeeks6d@netlog.com
Kathleen Andrassy,kandrassy6e,kandrassy6e@acquirethisname.com
Bonnibelle Eamer,beamer6f,beamer6f@bing.com
Carmita Jablonski,cjablonski6g,cjablonski6g@freewebs.com
Lombard Siggin,lsiggin6h,lsiggin6h@ucla.edu
Sherri Crosetto,scrosetto6i,scrosetto6i@springer.com
Sabra Oxby,soxby6j,soxby6j@jiathis.com
Bealle Barniss,bbarniss6k,bbarniss6k@toplist.cz
Urbain Carpenter,ucarpenter6l,ucarpenter6l@ted.com
Vinny Stancer,vstancer6m,vstancer6m@technorati.com
Kora Danzey,kdanzey6n,kdanzey6n@hhs.gov
Nancey Comar,ncomar6o,ncomar6o@nps.gov
Loutitia Flynn,lflynn6p,lflynn6p@bloglines.com
Kristan Andrassy,kandrassy6q,kandrassy6q@opera.com
Tish de Broke,tde6r,tde6r@woothemes.com
Sharl Hemphall,shemphall6s,shemphall6s@theatlantic.com
Carmel Cant,ccant6t,ccant6t@vkontakte.ru
Bibby Linfield,blinfield6u,blinfield6u@ftc.gov
Margaret Aikman,maikman6v,maikman6v@yolasite.com
Alfreda Junes,ajunes6w,ajunes6w@google.es
Chloris Kemish,ckemish6x,ckemish6x@facebook.com
Danya Giddins,dgiddins6y,dgiddins6y@jugem.jp
Giffard Vinau,gvinau6z,gvinau6z@businessinsider.com
Jeremie Spradbery,jspradbery70,jspradbery70@seesaa.net
Petra Glynn,pglynn71,pglynn71@abc.net.au
Pandora Law,plaw72,plaw72@technorati.com
Engelbert Pero,epero73,epero73@printfriendly.com
Cherish Pullen,cpullen74,cpullen74@tiny.cc
Violante Danjoie,vdanjoie75,vdanjoie75@baidu.com
Harriett Van Der Walt,hvan76,hvan76@virginia.edu
Durante Goullee,dgoullee77,dgoullee77@elpais.com
Thea Mobius,tmobius78,tmobius78@cdbaby.com
Giles Manilove,gmanilove79,gmanilove79@omniture.com
Bryana Devanney,bdevanney7a,bdevanney7a@t-online.de
Carolin Chree,cchree7b,cchree7b@soundcloud.com
Araldo Temlett,atemlett7c,atemlett7c@ucoz.ru
Lawry Giffard,lgiffard7d,lgiffard7d@gmpg.org
Gweneth Yesinin,gyesinin7e,gyesinin7e@businessweek.com
Job Jarrold,jjarrold7f,jjarrold7f@delicious.com
Neddie Venour,nvenour7g,nvenour7g@umich.edu
Mace Marvelley,mmarvelley7h,mmarvelley7h@mlb.com
Fleurette Tregent,ftregent7i,ftregent7i@meetup.com
Merv Gorgl,mgorgl7j,mgorgl7j@howstuffworks.com
Nadia Ubsdale,nubsdale7k,nubsdale7k@opensource.org
Kaja Marion,kmarion7l,kmarion7l@ucsd.edu
Kass Phateplace,kphateplace7m,kphateplace7m@netvibes.com
Abe Mathiot,amathiot7n,amathiot7n@baidu.com
Zolly Jaquest,zjaquest7o,zjaquest7o@ca.gov
Cherida Fawthrop,cfawthrop7p,cfawthrop7p@ifeng.com
Gennie Acheson,gacheson7q,gacheson7q@scientificamerican.com
Cayla Sobey,csobey7r,csobey7r@nature.com
Mirabella Guntrip,mguntrip7s,mguntrip7s@sun.com
Tobin Bellham,tbellham7t,tbellham7t@gizmodo.com
Hollis Yukhtin,hyukhtin7u,hyukhtin7u@sfgate.com
Karil Newall,knewall7v,knewall7v@angelfire.com
Renaud Hasnip,rhasnip7w,rhasnip7w@webs.com
Danny Dripp,ddripp7x,ddripp7x@blogs.com
Oliver Blazej,oblazej7y,oblazej7y@etsy.com
Tobiah Scandroot,tscandroot7z,tscandroot7z@diigo.com
Parker Kiraly,pkiraly80,pkiraly80@google.pl
Colman Jeckells,cjeckells81,cjeckells81@princeton.edu
Ted Le Hucquet,tle82,tle82@ehow.com
Karly Harnett,kharnett83,kharnett83@usgs.gov
Ebony Dugan,edugan84,edugan84@yellowpages.com
Eleni Keirl,ekeirl85,ekeirl85@sakura.ne.jp
Eugenie Moloney,emoloney86,emoloney86@youtu.be
Edgard Mathivat,emathivat87,emathivat87@nps.gov
Priscella Orts,ports88,ports88@tumblr.com
Bevvy Swaden,bswaden89,bswaden89@dedecms.com
Paul Redemile,predemile8a,predemile8a@scientificamerican.com
Jacquelyn Mardle,jmardle8b,jmardle8b@fotki.com
Gannon Deport,gdeport8c,gdeport8c@symantec.com
Filide Guinane,fguinane8d,fguinane8d@telegraph.co.uk
Farleigh Norkett,fnorkett8e,fnorkett8e@sciencedaily.com
Ricca Cliff,rcliff8f,rcliff8f@e-recht24.de
Omar MacKellar,omackellar8g,omackellar8g@scribd.com
Honor Danbrook,hdanbrook8h,hdanbrook8h@aol.com
Adolphe Brearty,abrearty8i,abrearty8i@bbb.org
Candis Rhodus,crhodus8j,crhodus8j@cdc.gov
Sherlock Pott,spott8k,spott8k@blinklist.com
Nicholle Choulerton,nchoulerton8l,nchoulerton8l@foxnews.com
Kathie Boylund,kboylund8m,kboylund8m@reference.com
Field Oxbie,foxbie8n,foxbie8n@oakley.com
Cammy Easterfield,ceasterfield8o,ceasterfield8o@princeton.edu
Carmelita Raffles,craffles8p,craffles8p@facebook.com
Sibby Abrahamson,sabrahamson8q,sabrahamson8q@mozilla.org
Sascha Darridon,sdarridon8r,sdarridon8r@prweb.com
Daune Local,dlocal8s,dlocal8s@comcast.net
Dalt Mildenhall,dmildenhall8t,dmildenhall8t@bluehost.com
Chantal Attarge,cattarge8u,cattarge8u@mysql.com
Mavis Snailham,msnailham8v,msnailham8v@wikispaces.com
Revkah Lethbridge,rlethbridge8w,rlethbridge8w@studiopress.com
Biddy Aspey,baspey8x,baspey8x@wordpress.com
Zandra Le Leu,zle8y,zle8y@cnn.com
Wainwright Bines,wbines8z,wbines8z@ox.ac.uk
Sondra Gehrels,sgehrels90,sgehrels90@technorati.com
Tilly Dunstan,tdunstan91,tdunstan91@salon.com
Dixie Mullins,dmullins92,dmullins92@theatlantic.com
Latisha Halliburton,lhalliburton93,lhalliburton93@hatena.ne.jp
Hildegaard Scott,hscott94,hscott94@theguardian.com
Erskine Yakovliv,eyakovliv95,eyakovliv95@ed.gov
Bink McDarmid,bmcdarmid96,bmcdarmid96@angelfire.com
Adey Polsin,apolsin97,apolsin97@quantcast.com
Hobart Baddoe,hbaddoe98,hbaddoe98@ezinearticles.com
Orv Farrimond,ofarrimond99,ofarrimond99@tinypic.com
Kacy Angell,kangell9a,kangell9a@domainmarket.com
Jessie Bukowski,jbukowski9b,jbukowski9b@reddit.com
Tabbitha Adshede,tadshede9c,tadshede9c@shinystat.com
Monti McKibbin,mmckibbin9d,mmckibbin9d@boston.com
Duke Ethersey,dethersey9e,dethersey9e@dagondesign.com
Dario Liger,dliger9f,dliger9f@cocolog-nifty.com
Adler Winterton,awinterton9g,awinterton9g@reuters.com
Mildrid Asplen,masplen9h,masplen9h@pagesperso-orange.fr
Gilberte Mousdall,gmousdall9i,gmousdall9i@narod.ru
Magdalen Yepiskopov,myepiskopov9j,myepiskopov9j@youtube.com
Rab Spiring,rspiring9k,rspiring9k@bandcamp.com
Denney Maken,dmaken9l,dmaken9l@topsy.com
Alwyn Gabbett,agabbett9m,agabbett9m@cnet.com
Aimee Cobson,acobson9n,acobson9n@nationalgeographic.com
Pen Nyles,pnyles9o,pnyles9o@vkontakte.ru
Melodee Alliban,malliban9p,malliban9p@apache.org
Hy Lyness,hlyness9q,hlyness9q@angelfire.com
Benetta MacCulloch,bmacculloch9r,bmacculloch9r@businesswire.com
Jillayne Miskelly,jmiskelly9s,jmiskelly9s@biglobe.ne.jp
Fitz Cater,fcater9t,fcater9t@symantec.com
Susy Silverton,ssilverton9u,ssilverton9u@pagesperso-orange.fr
Jeffie Tingcomb,jtingcomb9v,jtingcomb9v@ustream.tv
Coriss Berrow,cberrow9w,cberrow9w@eepurl.com
Obie McGonigle,omcgonigle9x,omcgonigle9x@taobao.com
Fin Rodear,frodear9y,frodear9y@infoseek.co.jp
Yorke Churchard,ychurchard9z,ychurchard9z@twitpic.com
Mahalia Maypother,mmaypothera0,mmaypothera0@ameblo.jp
Derrek Wenham,dwenhama1,dwenhama1@yandex.ru
Torrence DelaField,tdelafielda2,tdelafielda2@opensource.org
Gregorius Baudains,gbaudainsa3,gbaudainsa3@salon.com
Pavel Dunton,pduntona4,pduntona4@jimdo.com
Sharl Creigan,screigana5,screigana5@hc360.com
Rockie Skerme,rskermea6,rskermea6@163.com
Maisey Dunstan,mdunstana7,mdunstana7@naver.com
Haily Buxy,hbuxya8,hbuxya8@techcrunch.com
Armstrong Paoletto,apaolettoa9,apaolettoa9@ted.com
Jeromy Emanuelov,jemanuelovaa,jemanuelovaa@ask.com
Roberto Grimoldby,rgrimoldbyab,rgrimoldbyab@sphinn.com
Hans Simpkin,hsimpkinac,hsimpkinac@bloglines.com
Kristyn Edmund,kedmundad,kedmundad@clickbank.net
Annalee Skirvin,askirvinae,askirvinae@a8.net
Justina Arrell,jarrellaf,jarrellaf@flickr.com
Alastair Bruck,abruckag,abruckag@salon.com
Fran Clougher,fclougherah,fclougherah@a8.net
Gradeigh Mawer,gmawerai,gmawerai@sun.com
Elle Andryszczak,eandryszczakaj,eandryszczakaj@bigcartel.com
Leslie Hitcham,lhitchamak,lhitchamak@cbc.ca
Margie Milroy,mmilroyal,mmilroyal@ca.gov
Shepperd McDonogh,smcdonogham,smcdonogham@meetup.com
Christoper Ketley,cketleyan,cketleyan@seattletimes.com
Lynna Cochrane,lcochraneao,lcochraneao@accuweather.com
Robbie Darey,rdareyap,rdareyap@wikimedia.org
Gawen Goodredge,ggoodredgeaq,ggoodredgeaq@twitter.com
Kristan Buttress,kbuttressar,kbuttressar@adobe.com
Corbet Clash,cclashas,cclashas@vkontakte.ru
Shae Saw,ssawat,ssawat@forbes.com
Cordy Rignold,crignoldau,crignoldau@japanpost.jp
Eziechiele Donnelly,edonnellyav,edonnellyav@ibm.com
Colet Volet,cvoletaw,cvoletaw@netlog.com
Valene Jaggli,vjaggliax,vjaggliax@imdb.com
Tasia Giddons,tgiddonsay,tgiddonsay@google.pl
Neely Cudmore,ncudmoreaz,ncudmoreaz@unesco.org
Hebert Rapin,hrapinb0,hrapinb0@chicagotribune.com
Hobey Halwill,hhalwillb1,hhalwillb1@storify.com
Lauryn Comiam,lcomiamb2,lcomiamb2@intel.com
Ellynn McClintock,emcclintockb3,emcclintockb3@skyrock.com
Cori Norval,cnorvalb4,cnorvalb4@delicious.com
Peg Nodes,pnodesb5,pnodesb5@about.me
Ossie Rodge,orodgeb6,orodgeb6@usda.gov
Electra Stancliffe,estancliffeb7,estancliffeb7@cbslocal.com
Grannie Loft,gloftb8,gloftb8@xing.com
Modestia Evenett,mevenettb9,mevenettb9@quantcast.com
Wendie Colisbe,wcolisbeba,wcolisbeba@printfriendly.com
Marcos Aggett,maggettbb,maggettbb@live.com
Letitia Lello,llellobc,llellobc@alibaba.com
Maureen Hunday,mhundaybd,mhundaybd@sphinn.com
Brena Richardsson,brichardssonbe,brichardssonbe@washington.edu
Jermain Clewett,jclewettbf,jclewettbf@etsy.com
Bebe Chastagnier,bchastagnierbg,bchastagnierbg@imageshack.us
Aprilette Springthorpe,aspringthorpebh,aspringthorpebh@sciencedaily.com
Nyssa Swoffer,nswofferbi,nswofferbi@dagondesign.com
Benito Fermoy,bfermoybj,bfermoybj@economist.com
Antonetta Torfin,atorfinbk,atorfinbk@loc.gov
Gizela Marthen,gmarthenbl,gmarthenbl@soup.io
Barnard Giffin,bgiffinbm,bgiffinbm@biblegateway.com
Georas Smeaton,gsmeatonbn,gsmeatonbn@japanpost.jp
Cora Sturrock,csturrockbo,csturrockbo@domainmarket.com
Collin Rucklidge,crucklidgebp,crucklidgebp@addthis.com
Barbey Crannage,bcrannagebq,bcrannagebq@admin.ch
Quincy Brinkler,qbrinklerbr,qbrinklerbr@microsoft.com
Allie Astill,aastillbs,aastillbs@wp.com
Ronni Garmons,rgarmonsbt,rgarmonsbt@ovh.net
Sabrina Nuemann,snuemannbu,snuemannbu@upenn.edu
Bobby Henrie,bhenriebv,bhenriebv@sbwire.com
Brenden Noel,bnoelbw,bnoelbw@wordpress.org
Raquela Penquet,rpenquetbx,rpenquetbx@stumbleupon.com
Wes Alexandrou,walexandrouby,walexandrouby@toplist.cz
Nolie Cawsey,ncawseybz,ncawseybz@google.com.au
Averil de Najera,adec0,adec0@naver.com
Obediah Naylor,onaylorc1,onaylorc1@yahoo.com
Marnia Monery,mmoneryc2,mmoneryc2@blogs.com
Garrott Eim,geimc3,geimc3@hexun.com
Lynnett Willoughby,lwilloughbyc4,lwilloughbyc4@icio.us
Kylie Hickisson,khickissonc5,khickissonc5@ucla.edu
Christie Urien,curienc6,curienc6@comcast.net
Evey Dunham,edunhamc7,edunhamc7@xing.com
Keeley Grafhom,kgrafhomc8,kgrafhomc8@vk.com
Nancy Fullard,nfullardc9,nfullardc9@instagram.com
Carmon Flahive,cflahiveca,cflahiveca@time.com
Griffie Leile,gleilecb,gleilecb@ibm.com
Myles Edwards,medwardscc,medwardscc@hibu.com
Monte Gerckens,mgerckenscd,mgerckenscd@vistaprint.com
Ericka Justice,ejusticece,ejusticece@stumbleupon.com
Humfried Linstead,hlinsteadcf,hlinsteadcf@dailymotion.com
Gregoire Bruyntjes,gbruyntjescg,gbruyntjescg@nature.com
Rayna Brisco,rbriscoch,rbriscoch@purevolume.com
Jocelyn McWaters,jmcwatersci,jmcwatersci@g.co
Veriee Grube,vgrubecj,vgrubecj@bbc.co.uk
Lewiss Truss,ltrussck,ltrussck@sohu.com
Gard Carless,gcarlesscl,gcarlesscl@pagesperso-orange.fr
Koenraad Maneylaws,kmaneylawscm,kmaneylawscm@hexun.com
Corny Smeaton,csmeatoncn,csmeatoncn@smh.com.au
Delores Kantor,dkantorco,dkantorco@live.com
Georgeanna Blasio,gblasiocp,gblasiocp@networksolutions.com
Francoise Ringham,fringhamcq,fringhamcq@twitpic.com
Maisey Klazenga,mklazengacr,mklazengacr@tripadvisor.com
Letitia Piggin,lpiggincs,lpiggincs@wired.com
Megan Archer,marcherct,marcherct@cafepress.com
Rafael Croker,rcrokercu,rcrokercu@mlb.com
Nevin Capelle,ncapellecv,ncapellecv@arizona.edu
Josepha Coulthard,jcoulthardcw,jcoulthardcw@hc360.com
Berny Simms,bsimmscx,bsimmscx@illinois.edu
Alasdair Braywood,abraywoodcy,abraywoodcy@indiegogo.com
Casper Feacham,cfeachamcz,cfeachamcz@omniture.com
Ann Pirdy,apirdyd0,apirdyd0@amazon.co.uk
Jelene Tregidga,jtregidgad1,jtregidgad1@google.co.uk
Carilyn Treher,ctreherd2,ctreherd2@fda.gov
Laryssa Stickel,lstickeld3,lstickeld3@cdbaby.com
Lorrayne Vernalls,lvernallsd4,lvernallsd4@google.ca
Laraine Seligson,lseligsond5,lseligsond5@jiathis.com
Zita Dudliston,zdudlistond6,zdudlistond6@amazon.com
Wynn Siveyer,wsiveyerd7,wsiveyerd7@pcworld.com
Consalve Bratley,cbratleyd8,cbratleyd8@weebly.com
Bianka Windaybank,bwindaybankd9,bwindaybankd9@admin.ch
Kyrstin Quiney,kquineyda,kquineyda@php.net
Floyd Stayte,fstaytedb,fstaytedb@phoca.cz
Micheil Prowting,mprowtingdc,mprowtingdc@vimeo.com
Elisabetta Spraberry,espraberrydd,espraberrydd@time.com
Walker Scotson,wscotsonde,wscotsonde@columbia.edu
Brena Mazzeo,bmazzeodf,bmazzeodf@cpanel.net
Cari Aldwinckle,caldwinckledg,caldwinckledg@github.com
Lowe Navarro,lnavarrodh,lnavarrodh@indiegogo.com
Sharla Chagg,schaggdi,schaggdi@reference.com
Ignacius Cardall,icardalldj,icardalldj@utexas.edu
Rayner Desbrow,rdesbrowdk,rdesbrowdk@timesonline.co.uk
Kari Leggs,kleggsdl,kleggsdl@networksolutions.com
Beckie Funnell,bfunnelldm,bfunnelldm@squidoo.com
Chen Coppock.,ccoppockdn,ccoppockdn@angelfire.com
Jennica Laity,jlaitydo,jlaitydo@github.com
Tomkin Earpe,tearpedp,tearpedp@wikipedia.org
Garvy Jonk,gjonkdq,gjonkdq@japanpost.jp
Dehlia Gingold,dgingolddr,dgingolddr@acquirethisname.com
Gilli Pilmer,gpilmerds,gpilmerds@intel.com
Marybeth Grzesiewicz,mgrzesiewiczdt,mgrzesiewiczdt@typepad.com
Michaelina Pentecost,mpentecostdu,mpentecostdu@nyu.edu
Leicester Itzkovich,litzkovichdv,litzkovichdv@1688.com
Kory Blofield,kblofielddw,kblofielddw@angelfire.com
Bronson Thompson,bthompsondx,bthompsondx@mit.edu
Justen Swindles,jswindlesdy,jswindlesdy@themeforest.net
Kelwin Nolda,knoldadz,knoldadz@rakuten.co.jp
Ebony Speechly,espeechlye0,espeechlye0@tmall.com
Vite Serridge,vserridgee1,vserridgee1@dailymail.co.uk
Gianni Ewen,gewene2,gewene2@home.pl
Sherill Lowten,slowtene3,slowtene3@arizona.edu
Ruprecht Cracoe,rcracoee4,rcracoee4@hatena.ne.jp
Urbain Barkes,ubarkese5,ubarkese5@stanford.edu
Vance Parramore,vparramoree6,vparramoree6@census.gov
Trixi Gillatt,tgillatte7,tgillatte7@fotki.com
Gaspard Smickle,gsmicklee8,gsmicklee8@jimdo.com
Carlin Bayston,cbaystone9,cbaystone9@cocolog-nifty.com
Malia Meininger,mmeiningerea,mmeiningerea@mapquest.com
Leia Wayper,lwaypereb,lwaypereb@noaa.gov
Ellissa Pfeuffer,epfeufferec,epfeufferec@kickstarter.com
Inigo Mitrovic,imitroviced,imitroviced@archive.org
Thor Swetmore,tswetmoreee,tswetmoreee@mashable.com
Ericha Margeram,emargeramef,emargeramef@businessweek.com
Bar Seiter,bseitereg,bseitereg@cornell.edu
Tish Maffi,tmaffieh,tmaffieh@icio.us
Hamish Jouannot,hjouannotei,hjouannotei@phoca.cz
Selma Gravell,sgravellej,sgravellej@a8.net
Marlo Eilhersen,meilhersenek,meilhersenek@dot.gov
Noami Wanklyn,nwanklynel,nwanklynel@unblog.fr
Elora Sambrook,esambrookem,esambrookem@opensource.org
Avrit McClay,amcclayen,amcclayen@mashable.com
Neilla Avann,navanneo,navanneo@google.pl
Leupold Fishleigh,lfishleighep,lfishleighep@sitemeter.com
Jeannie Bruyett,jbruyetteq,jbruyetteq@army.mil
Nataniel Bowmen,nbowmener,nbowmener@lycos.com
Mohandis Gossart,mgossartes,mgossartes@google.de
Wren Ambrogini,wambroginiet,wambroginiet@si.edu
Meier Slatten,mslatteneu,mslatteneu@delicious.com
Nana Zorer,nzorerev,nzorerev@printfriendly.com
Franklyn Holton,fholtonew,fholtonew@unicef.org
Lizette Lazare,llazareex,llazareex@bing.com
Nettie Foote,nfooteey,nfooteey@accuweather.com
Veriee Greenstead,vgreensteadez,vgreensteadez@army.mil
Jewelle Axcell,jaxcellf0,jaxcellf0@walmart.com
Melesa Dudgeon,mdudgeonf1,mdudgeonf1@dion.ne.jp
Rodger Daber,rdaberf2,rdaberf2@npr.org
Ewell Powder,epowderf3,epowderf3@weather.com
Glennie Hanton,ghantonf4,ghantonf4@google.es
Keary Waiton,kwaitonf5,kwaitonf5@paypal.com
Terry Grishenkov,tgrishenkovf6,tgrishenkovf6@bluehost.com
Rachele Champniss,rchampnissf7,rchampnissf7@scientificamerican.com
Blaine Bernasek,bbernasekf8,bbernasekf8@symantec.com
Lanni Girtin,lgirtinf9,lgirtinf9@addthis.com
Tallulah Hallt,thalltfa,thalltfa@woothemes.com
Misty Philipart,mphilipartfb,mphilipartfb@uol.com.br
Marta Pickhaver,mpickhaverfc,mpickhaverfc@who.int
Thaddus Waterstone,twaterstonefd,twaterstonefd@merriam-webster.com
Maxwell Leehane,mleehanefe,mleehanefe@livejournal.com
Edik Argente,eargenteff,eargenteff@networkadvertising.org
Rosella Greenroa,rgreenroafg,rgreenroafg@youtube.com
Hamlin Mewis,hmewisfh,hmewisfh@zdnet.com
Betteann Pitchford,bpitchfordfi,bpitchfordfi@constantcontact.com
Wallis Bruun,wbruunfj,wbruunfj@nbcnews.com
Glendon Klauber,gklauberfk,gklauberfk@cocolog-nifty.com
Naoma Stennett,nstennettfl,nstennettfl@alibaba.com
Billy Taynton,btayntonfm,btayntonfm@indiegogo.com
Tatum Downage,tdownagefn,tdownagefn@friendfeed.com
Keeley Sibley,ksibleyfo,ksibleyfo@china.com.cn
Elnar Heathorn,eheathornfp,eheathornfp@google.nl
Vonni Gerner,vgernerfq,vgernerfq@columbia.edu
Jasmina Sweating,jsweatingfr,jsweatingfr@aol.com
Bentley Meads,bmeadsfs,bmeadsfs@unc.edu
Archy Colum,acolumft,acolumft@usgs.gov
Neely Menendes,nmenendesfu,nmenendesfu@symantec.com
Janos Hudleston,jhudlestonfv,jhudlestonfv@irs.gov
Burt Streat,bstreatfw,bstreatfw@sitemeter.com
Arlie Flattman,aflattmanfx,aflattmanfx@vkontakte.ru
Tracey Heathfield,theathfieldfy,theathfieldfy@i2i.jp
Perri Simecek,psimecekfz,psimecekfz@netscape.com
Bridie Cranmere,bcranmereg0,bcranmereg0@stanford.edu
Rinaldo Yaldren,ryaldreng1,ryaldreng1@buzzfeed.com
Eugenie Rayment,eraymentg2,eraymentg2@diigo.com
Millisent Readwing,mreadwingg3,mreadwingg3@chicagotribune.com
Hazlett Niblo,hniblog4,hniblog4@aboutads.info
Maggy Riccioppo,mriccioppog5,mriccioppog5@constantcontact.com
Herb Pardew,hpardewg6,hpardewg6@wufoo.com
Xerxes Sreenan,xsreenang7,xsreenang7@arstechnica.com
Frank Alexandersen,falexanderseng8,falexanderseng8@pen.io
Goldia Baumler,gbaumlerg9,gbaumlerg9@nps.gov
Derrek Denidge,ddenidgega,ddenidgega@ucoz.ru
Veronike Haville,vhavillegb,vhavillegb@webmd.com
Willamina Thurbon,wthurbongc,wthurbongc@blogspot.com
Laird Beauchop,lbeauchopgd,lbeauchopgd@deliciousdays.com
Hanny Faires,hfairesge,hfairesge@hatena.ne.jp
Goddard Diggin,gdiggingf,gdiggingf@multiply.com
Butch Neachell,bneachellgg,bneachellgg@theguardian.com
Thia Devitt,tdevittgh,tdevittgh@tinypic.com
Fanchon Jarville,fjarvillegi,fjarvillegi@nydailynews.com
Arney Perago,aperagogj,aperagogj@boston.com
Shelby Mascall,smascallgk,smascallgk@elpais.com
Chantal Camelli,ccamelligl,ccamelligl@dailymail.co.uk
Cal Dauney,cdauneygm,cdauneygm@blinklist.com
Archibald Rope,aropegn,aropegn@is.gd
Batsheva Huckin,bhuckingo,bhuckingo@independent.co.uk
Joaquin Osbaldstone,josbaldstonegp,josbaldstonegp@flickr.com
Cornelia Lavery,claverygq,claverygq@devhub.com
Zena Climer,zclimergr,zclimergr@instagram.com
Lucais Gilfether,lgilfethergs,lgilfethergs@mysql.com
Charin O'Rowane,corowanegt,corowanegt@reverbnation.com
Zitella Rozanski,zrozanskigu,zrozanskigu@fema.gov
Annadiane Studman,astudmangv,astudmangv@shinystat.com
Cal Tatnell,ctatnellgw,ctatnellgw@miitbeian.gov.cn
Perle Blankau,pblankaugx,pblankaugx@istockphoto.com
Joann Gotcliff,jgotcliffgy,jgotcliffgy@mapquest.com
Tabbatha Abel,tabelgz,tabelgz@thetimes.co.uk
Eben Afield,eafieldh0,eafieldh0@oracle.com
Erminie Entreis,eentreish1,eentreish1@google.nl
Elliott Grimster,egrimsterh2,egrimsterh2@vk.com
Torrance Artin,tartinh3,tartinh3@arizona.edu
Avigdor Strong,astrongh4,astrongh4@oakley.com
Willi Rippon,wripponh5,wripponh5@slideshare.net
Boyce Drysdell,bdrysdellh6,bdrysdellh6@gmpg.org
Goldarina Gosden,ggosdenh7,ggosdenh7@skype.com
Faber Mehmet,fmehmeth8,fmehmeth8@t.co
Vassily Ivamy,vivamyh9,vivamyh9@cargocollective.com
Muhammad Pickrill,mpickrillha,mpickrillha@addthis.com
Wilona Wrennall,wwrennallhb,wwrennallhb@eepurl.com
Ferguson Hazard,fhazardhc,fhazardhc@dot.gov
Esra Tourville,etourvillehd,etourvillehd@infoseek.co.jp
Brion Erskine,berskinehe,berskinehe@naver.com
Margareta Hiom,mhiomhf,mhiomhf@lulu.com
Dianne Bowller,dbowllerhg,dbowllerhg@seattletimes.com
Deanne Elstow,delstowhh,delstowhh@vk.com
Rafaela Abbis,rabbishi,rabbishi@guardian.co.uk
Karole Dinneen,kdinneenhj,kdinneenhj@guardian.co.uk
Philippa Bewsey,pbewseyhk,pbewseyhk@admin.ch
Nev Haacker,nhaackerhl,nhaackerhl@businessweek.com
Petey Yankeev,pyankeevhm,pyankeevhm@un.org
Virgie Heistermann,vheistermannhn,vheistermannhn@lulu.com
Veronike Dell'Abbate,vdellabbateho,vdellabbateho@elegantthemes.com
Ellsworth Pococke,epocockehp,epocockehp@reddit.com
Celestyna Cutajar,ccutajarhq,ccutajarhq@hugedomains.com
Leese Jovasevic,ljovasevichr,ljovasevichr@barnesandnoble.com
Oran Bartoletti,obartolettihs,obartolettihs@cisco.com
Teodorico Yeates,tyeatesht,tyeatesht@bravesites.com
Marlee Sabbatier,msabbatierhu,msabbatierhu@fema.gov
Vladimir Pretorius,vpretoriushv,vpretoriushv@pbs.org
Ettie Senior,eseniorhw,eseniorhw@utexas.edu
Wallie Hawtrey,whawtreyhx,whawtreyhx@quantcast.com
Idette Auchinleck,iauchinleckhy,iauchinleckhy@creativecommons.org
Lorilyn Hinkes,lhinkeshz,lhinkeshz@stanford.edu
Thomasine Lefwich,tlefwichi0,tlefwichi0@sbwire.com
Maggee Metschke,mmetschkei1,mmetschkei1@ocn.ne.jp
Haskell Wodham,hwodhami2,hwodhami2@barnesandnoble.com
Karry Jencken,kjenckeni3,kjenckeni3@exblog.jp
Rolph Dutt,rdutti4,rdutti4@oaic.gov.au
Alia Rawll,arawlli5,arawlli5@multiply.com
Thurstan Bragger,tbraggeri6,tbraggeri6@posterous.com
Herminia Guerreiro,hguerreiroi7,hguerreiroi7@biblegateway.com
Hew Bareham,hbarehami8,hbarehami8@geocities.com
Jeane Dohmann,jdohmanni9,jdohmanni9@multiply.com
Franciska Wratten,fwrattenia,fwrattenia@opera.com
Marlena Adlard,madlardib,madlardib@uiuc.edu
Hermon Aggis,haggisic,haggisic@dagondesign.com
Bruis Carleman,bcarlemanid,bcarlemanid@nymag.com
Ramsay Kinset,rkinsetie,rkinsetie@stanford.edu
Skipp Ricardo,sricardoif,sricardoif@goo.gl
Jinny Matias,jmatiasig,jmatiasig@chicagotribune.com
Cassius Pfeifer,cpfeiferih,cpfeiferih@blogspot.com
Patty Mountfort,pmountfortii,pmountfortii@barnesandnoble.com
Ashia Dennington,adenningtonij,adenningtonij@usa.gov
Tamiko Fairman,tfairmanik,tfairmanik@theglobeandmail.com
Weston Ortell,wortellil,wortellil@techcrunch.com
Maureen Batiste,mbatisteim,mbatisteim@intel.com
Morgun Hanhard,mhanhardin,mhanhardin@yolasite.com
Blondie Winwood,bwinwoodio,bwinwoodio@google.com.hk
Glen Gostage,ggostageip,ggostageip@bravesites.com
Krystalle Bedo,kbedoiq,kbedoiq@prlog.org
Elfrida Busk,ebuskir,ebuskir@wordpress.org
Joelly Fosdyke,jfosdykeis,jfosdykeis@tinyurl.com
Nerty Pawlik,npawlikit,npawlikit@ask.com
Shelba Colling,scollingiu,scollingiu@addtoany.com
Melitta Philipard,mphilipardiv,mphilipardiv@unesco.org
Rodina Vasey,rvaseyiw,rvaseyiw@e-recht24.de
Ansley Calafate,acalafateix,acalafateix@sciencedaily.com
Cris Ovize,covizeiy,covizeiy@elegantthemes.com
Curtice Abelevitz,cabelevitziz,cabelevitziz@cam.ac.uk
Ole Kingswold,okingswoldj0,okingswoldj0@indiatimes.com
Prescott Jone,pjonej1,pjonej1@clickbank.net
Frederigo Trowler,ftrowlerj2,ftrowlerj2@apache.org
Christoper Tinkler,ctinklerj3,ctinklerj3@scribd.com
Whitman Fiveash,wfiveashj4,wfiveashj4@bigcartel.com
Hamilton Kunzler,hkunzlerj5,hkunzlerj5@bravesites.com
Tommie Rowbottam,trowbottamj6,trowbottamj6@chicagotribune.com
Ardelis Mayell,amayellj7,amayellj7@statcounter.com
Salome Suter,ssuterj8,ssuterj8@wired.com
Colene Esilmon,cesilmonj9,cesilmonj9@google.de
Staci Rowesby,srowesbyja,srowesbyja@flavors.me
Hadley Metterick,hmetterickjb,hmetterickjb@xinhuanet.com
Rozalie Osgardby,rosgardbyjc,rosgardbyjc@macromedia.com
Tommy Claxton,tclaxtonjd,tclaxtonjd@163.com
Fritz Speddin,fspeddinje,fspeddinje@aol.com
Veradis Andrei,vandreijf,vandreijf@github.io
Amalia Gaitung,agaitungjg,agaitungjg@domainmarket.com
Darren Warham,dwarhamjh,dwarhamjh@posterous.com
Brendon McNeely,bmcneelyji,bmcneelyji@theglobeandmail.com
Eolande Abrashkov,eabrashkovjj,eabrashkovjj@deliciousdays.com
Frasquito Febvre,ffebvrejk,ffebvrejk@wired.com
Logan Scay,lscayjl,lscayjl@privacy.gov.au
Doro Creasey,dcreaseyjm,dcreaseyjm@usatoday.com
Willa Dewer,wdewerjn,wdewerjn@state.tx.us
Allie Gascoigne,agascoignejo,agascoignejo@plala.or.jp
Barrett Knowles,bknowlesjp,bknowlesjp@furl.net
Claire Giampietro,cgiampietrojq,cgiampietrojq@springer.com
Wendie Mettricke,wmettrickejr,wmettrickejr@japanpost.jp
Martin Mc-Kerley,mmckerleyjs,mmckerleyjs@usa.gov
Brewer Stevenson,bstevensonjt,bstevensonjt@blinklist.com
Kesley Shailer,kshailerju,kshailerju@pagesperso-orange.fr
Clive Royston,croystonjv,croystonjv@who.int
Celia Vardon,cvardonjw,cvardonjw@alexa.com
Radcliffe Sibbet,rsibbetjx,rsibbetjx@nifty.com
Juline Liveley,jliveleyjy,jliveleyjy@usgs.gov
Mufi Jeeks,mjeeksjz,mjeeksjz@hexun.com
Dar Hindmore,dhindmorek0,dhindmorek0@ocn.ne.jp
Jordon Januszewski,jjanuszewskik1,jjanuszewskik1@virginia.edu
Addison Callery,acalleryk2,acalleryk2@ning.com
Frankie Godball,fgodballk3,fgodballk3@csmonitor.com
Kirstyn Sturch,ksturchk4,ksturchk4@arstechnica.com
Bernice Crawshay,bcrawshayk5,bcrawshayk5@nytimes.com
Demott Woliter,dwoliterk6,dwoliterk6@amazon.co.jp
Fabiano Skip,fskipk7,fskipk7@mozilla.com
Lenka Bulluck,lbulluckk8,lbulluckk8@symantec.com
Rockwell Bradbeer,rbradbeerk9,rbradbeerk9@va.gov
Elonore Workman,eworkmanka,eworkmanka@xing.com
Tamra Darridon,tdarridonkb,tdarridonkb@issuu.com
Jinny Barrim,jbarrimkc,jbarrimkc@un.org
Domenic Bembrigg,dbembriggkd,dbembriggkd@geocities.com
Bret Patrickson,bpatricksonke,bpatricksonke@yahoo.co.jp
Athena Vasilevich,avasilevichkf,avasilevichkf@tripadvisor.com
Layne Culleford,lcullefordkg,lcullefordkg@miitbeian.gov.cn
Pernell Matousek,pmatousekkh,pmatousekkh@netlog.com
Mina Mozzetti,mmozzettiki,mmozzettiki@narod.ru
Quinn Vines,qvineskj,qvineskj@home.pl
Mehetabel Keyson,mkeysonkk,mkeysonkk@opensource.org
Jobi O'Longain,jolongainkl,jolongainkl@free.fr
Nicolea Greggersen,ngreggersenkm,ngreggersenkm@sogou.com
Charo Williamson,cwilliamsonkn,cwilliamsonkn@deviantart.com
Ethelind Lethardy,elethardyko,elethardyko@goo.ne.jp
Liv Gowen,lgowenkp,lgowenkp@w3.org
Shay Lansdowne,slansdownekq,slansdownekq@hostgator.com
Amye Callis,acalliskr,acalliskr@businessinsider.com
Amandie Idwal Evans,aidwalks,aidwalks@vkontakte.ru
Amandie Foyster,afoysterkt,afoysterkt@hp.com
Chilton Haggerston,chaggerstonku,chaggerstonku@diigo.com
Hilda Downer,hdownerkv,hdownerkv@google.es
Kaine Breward,kbrewardkw,kbrewardkw@simplemachines.org
Starr Huggins,shugginskx,shugginskx@chronoengine.com
Osbourne Corkish,ocorkishky,ocorkishky@time.com
Honoria Martine,hmartinekz,hmartinekz@gov.uk
Andrea Mattys,amattysl0,amattysl0@gov.uk
Julian Kynan,jkynanl1,jkynanl1@tamu.edu
Elmira Nast,enastl2,enastl2@weibo.com
Heloise Hacquoil,hhacquoill3,hhacquoill3@discovery.com
Averyl Beeres,abeeresl4,abeeresl4@jimdo.com
Freeman MacKimm,fmackimml5,fmackimml5@virginia.edu
Claribel Kalb,ckalbl6,ckalbl6@washington.edu
Adriana O'Conor,aoconorl7,aoconorl7@independent.co.uk
Dorita Lockhurst,dlockhurstl8,dlockhurstl8@slideshare.net
Gerick Whetnell,gwhetnelll9,gwhetnelll9@paginegialle.it
Maddie Loines,mloinesla,mloinesla@tripadvisor.com
Matthus Stollenwerck,mstollenwercklb,mstollenwercklb@nymag.com
Drusi Thirlwell,dthirlwelllc,dthirlwelllc@nationalgeographic.com
Fredia Plenty,fplentyld,fplentyld@odnoklassniki.ru
Fenelia Bowart,fbowartle,fbowartle@wired.com
Nefen Carress,ncarresslf,ncarresslf@delicious.com
Ranna Kilshall,rkilshalllg,rkilshalllg@hubpages.com
Remington Nottingam,rnottingamlh,rnottingamlh@yahoo.co.jp
Benita Courtes,bcourtesli,bcourtesli@utexas.edu
Whitby Petroff,wpetrofflj,wpetrofflj@sitemeter.com
Lyndsay Labone,llabonelk,llabonelk@desdev.cn
Boigie Isaksson,bisakssonll,bisakssonll@ameblo.jp
Gustav Wildor,gwildorlm,gwildorlm@godaddy.com
Andee Dovidaitis,adovidaitisln,adovidaitisln@cam.ac.uk
Reynold Cabbell,rcabbelllo,rcabbelllo@whitehouse.gov
Thomasin Rhyme,trhymelp,trhymelp@barnesandnoble.com
Miller Douberday,mdouberdaylq,mdouberdaylq@google.fr
Kendre Stangoe,kstangoelr,kstangoelr@psu.edu
Etta Reavey,ereaveyls,ereaveyls@prweb.com
Abner Clinnick,aclinnicklt,aclinnicklt@seattletimes.com
Audra Onslow,aonslowlu,aonslowlu@dropbox.com
Sabina Eakins,seakinslv,seakinslv@fc2.com
Alexina Rayer,arayerlw,arayerlw@independent.co.uk
Mirna Sherbrook,msherbrooklx,msherbrooklx@naver.com
Lorrin Batcock,lbatcockly,lbatcockly@mapquest.com
Leigh Danilewicz,ldanilewiczlz,ldanilewiczlz@cmu.edu
Alejandra Filippi,afilippim0,afilippim0@imageshack.us
Katleen Daniely,kdanielym1,kdanielym1@youtu.be
Hildagard Suckling,hsucklingm2,hsucklingm2@statcounter.com
Curtis Keigher,ckeigherm3,ckeigherm3@bandcamp.com
Gunar Breeder,gbreederm4,gbreederm4@prnewswire.com
Pooh Pavlov,ppavlovm5,ppavlovm5@fastcompany.com
Sander Di Carlo,sdim6,sdim6@bandcamp.com
Binnie Fulton,bfultonm7,bfultonm7@furl.net
Karlen Marin,kmarinm8,kmarinm8@php.net
Jorge Mickan,jmickanm9,jmickanm9@canalblog.com
Idell Scohier,iscohierma,iscohierma@storify.com
Derek Candy,dcandymb,dcandymb@cnet.com
Louise Sketh,lskethmc,lskethmc@ocn.ne.jp
Zorina Robel,zrobelmd,zrobelmd@rambler.ru
Mirabel McKew,mmckewme,mmckewme@goo.ne.jp
Sula Bannard,sbannardmf,sbannardmf@acquirethisname.com
Consuela Wiffler,cwifflermg,cwifflermg@squidoo.com
Welch McQuin,wmcquinmh,wmcquinmh@sina.com.cn
Kary Oram,korammi,korammi@amazon.co.jp
Felisha Hum,fhummj,fhummj@abc.net.au
Caleb Lampart,clampartmk,clampartmk@google.nl
Fergus Avramovsky,favramovskyml,favramovskyml@whitehouse.gov
Ariel Rockhill,arockhillmm,arockhillmm@paginegialle.it
Beulah Lambert,blambertmn,blambertmn@goodreads.com
Galven Ingon,gingonmo,gingonmo@abc.net.au
Jess Lisciandro,jlisciandromp,jlisciandromp@goodreads.com
Brianna Yonge,byongemq,byongemq@plala.or.jp
Julian Woolatt,jwoolattmr,jwoolattmr@tripod.com
Kendra Makey,kmakeyms,kmakeyms@blogger.com
Rockey Lawlor,rlawlormt,rlawlormt@webmd.com
Fabian Kynforth,fkynforthmu,fkynforthmu@tinypic.com
Tresa Ivshin,tivshinmv,tivshinmv@un.org
Eadith Mohring,emohringmw,emohringmw@photobucket.com
Valdemar Sedcole,vsedcolemx,vsedcolemx@altervista.org
Tull Raiker,traikermy,traikermy@sina.com.cn
Rustie Moors,rmoorsmz,rmoorsmz@baidu.com
Alie Fawthrop,afawthropn0,afawthropn0@studiopress.com
Steffie Nunnerley,snunnerleyn1,snunnerleyn1@canalblog.com
Arleyne Windeatt,awindeattn2,awindeattn2@soundcloud.com
Clareta Clowsley,cclowsleyn3,cclowsleyn3@privacy.gov.au
Florence Wight,fwightn4,fwightn4@phpbb.com
Dorthy Duffin,dduffinn5,dduffinn5@wufoo.com
Quentin Olerenshaw,qolerenshawn6,qolerenshawn6@prlog.org
Oliviero Auld,oauldn7,oauldn7@eventbrite.com
Babbette Minto,bminton8,bminton8@posterous.com
Genni Sames,gsamesn9,gsamesn9@telegraph.co.uk
Shaun Tollemache,stollemachena,stollemachena@bravesites.com
Shannah Nisuis,snisuisnb,snisuisnb@slashdot.org
Ailina MacConnechie,amacconnechienc,amacconnechienc@slideshare.net
Gaultiero Scallon,gscallonnd,gscallonnd@latimes.com
Geri Adamides,gadamidesne,gadamidesne@state.tx.us
Devon Windybank,dwindybanknf,dwindybanknf@unicef.org
Calv Winwright,cwinwrightng,cwinwrightng@oakley.com
Boycey Edgeller,bedgellernh,bedgellernh@tripod.com
Melloney Keddie,mkeddieni,mkeddieni@netvibes.com
Drusie Barff,dbarffnj,dbarffnj@wikispaces.com
Burch Keele,bkeelenk,bkeelenk@blog.com
Isaiah Espadero,iespaderonl,iespaderonl@wp.com
Malory Sheehy,msheehynm,msheehynm@sina.com.cn
Nadya McCurdy,nmccurdynn,nmccurdynn@icio.us
Olly Garoghan,ogaroghanno,ogaroghanno@psu.edu
Kylie Pocke,kpockenp,kpockenp@princeton.edu
Miof mela Statter,mmelanq,mmelanq@msu.edu
Jasmin Romero,jromeronr,jromeronr@cnet.com
Merci Le Gall,mlens,mlens@wikipedia.org
Nedda Fairbeard,nfairbeardnt,nfairbeardnt@webeden.co.uk
Mathilde Westerman,mwestermannu,mwestermannu@archive.org
Hyacintha Airdrie,hairdrienv,hairdrienv@google.com
Travus Bread,tbreadnw,tbreadnw@hc360.com
Rafaellle Garken,rgarkennx,rgarkennx@nbcnews.com
Roddie Fawcett,rfawcettny,rfawcettny@squarespace.com
Dorice Currum,dcurrumnz,dcurrumnz@patch.com
Hy Leate,hleateo0,hleateo0@weebly.com
Bartel Diloway,bdilowayo1,bdilowayo1@1und1.de
Nonie McCole,nmccoleo2,nmccoleo2@senate.gov
Lillian Jonson,ljonsono3,ljonsono3@geocities.com
Janet Schuster,jschustero4,jschustero4@51.la
Tiena Titterell,ttitterello5,ttitterello5@cnn.com
Alice Baskeyfied,abaskeyfiedo6,abaskeyfiedo6@livejournal.com
Stepha Elliott,selliotto7,selliotto7@weibo.com
Vally Faveryear,vfaveryearo8,vfaveryearo8@icio.us
Cairistiona Dmytryk,cdmytryko9,cdmytryko9@china.com.cn
Pippa Artindale,partindaleoa,partindaleoa@addtoany.com
Benita Maydwell,bmaydwellob,bmaydwellob@globo.com
Tildi Bulbrook,tbulbrookoc,tbulbrookoc@dailymail.co.uk
Skylar Bangley,sbangleyod,sbangleyod@vk.com
Colan Gravener,cgraveneroe,cgraveneroe@disqus.com
Wendie Gilgryst,wgilgrystof,wgilgrystof@woothemes.com
Conny Stairmand,cstairmandog,cstairmandog@google.com
Ashien Keenlayside,akeenlaysideoh,akeenlaysideoh@123-reg.co.uk
Wilhelm Eich,weichoi,weichoi@dropbox.com
Noble Tetsall,ntetsalloj,ntetsalloj@google.de
Hebert Maxweell,hmaxweellok,hmaxweellok@noaa.gov
Rutledge Hoogendorp,rhoogendorpol,rhoogendorpol@4shared.com
Gian Hollingby,ghollingbyom,ghollingbyom@usa.gov
Marty Shervil,mshervilon,mshervilon@edublogs.org
Elisha Truggian,etruggianoo,etruggianoo@newyorker.com
Dodi Gasson,dgassonop,dgassonop@bing.com
Leia Hill,lhilloq,lhilloq@tmall.com
Wenda Nerger,wnergeror,wnergeror@vistaprint.com
Ryon Bolf,rbolfos,rbolfos@purevolume.com
Frannie Gidman,fgidmanot,fgidmanot@feedburner.com
Elmore Monelli,emonelliou,emonelliou@earthlink.net
Kathie Deverock,kdeverockov,kdeverockov@reverbnation.com
Dehlia Dietz,ddietzow,ddietzow@arstechnica.com
Katinka Cowup,kcowupox,kcowupox@fda.gov
Toma Yallop,tyallopoy,tyallopoy@sbwire.com
Gardner Querree,gquerreeoz,gquerreeoz@opera.com
Marc Clother,mclotherp0,mclotherp0@slashdot.org
Joleen Goodbourn,jgoodbournp1,jgoodbournp1@wordpress.com
Brewer Effaunt,beffauntp2,beffauntp2@typepad.com
Amberly Allett,aallettp3,aallettp3@va.gov
Pieter Adamik,padamikp4,padamikp4@independent.co.uk
Lesley Sefton,lseftonp5,lseftonp5@dropbox.com
Aubry Jarrard,ajarrardp6,ajarrardp6@scientificamerican.com
Zachariah Attenburrow,zattenburrowp7,zattenburrowp7@about.com
Fancie Swinbourne,fswinbournep8,fswinbournep8@prweb.com
Valina Gelardi,vgelardip9,vgelardip9@123-reg.co.uk
Bernette Mallender,bmallenderpa,bmallenderpa@buzzfeed.com
Jenda Westhofer,jwesthoferpb,jwesthoferpb@lycos.com
Agatha Lefeuvre,alefeuvrepc,alefeuvrepc@bigcartel.com
Lonee Busse,lbussepd,lbussepd@vimeo.com
Trev Simunek,tsimunekpe,tsimunekpe@phoca.cz
Alta MacNaughton,amacnaughtonpf,amacnaughtonpf@plala.or.jp
Kendell Woolgar,kwoolgarpg,kwoolgarpg@icio.us
Bunni Pascho,bpaschoph,bpaschoph@china.com.cn
Scarface Aarons,saaronspi,saaronspi@people.com.cn
Moe Pellman,mpellmanpj,mpellmanpj@reference.com
Gonzalo Dignan,gdignanpk,gdignanpk@amazon.de
Craggie Golds,cgoldspl,cgoldspl@imageshack.us
Lucais O'Mailey,lomaileypm,lomaileypm@jugem.jp
Georgeanna O'Haire,gohairepn,gohairepn@dagondesign.com
Cliff Arnholdt,carnholdtpo,carnholdtpo@rakuten.co.jp
Marga Rennels,mrennelspp,mrennelspp@amazon.co.jp
Aridatha Chstney,achstneypq,achstneypq@whitehouse.gov
Mel Lepper,mlepperpr,mlepperpr@gmpg.org
Astra Kidwell,akidwellps,akidwellps@newyorker.com
Barb Kramer,bkramerpt,bkramerpt@goo.ne.jp
Markus Pannaman,mpannamanpu,mpannamanpu@elpais.com
Charline Prawle,cprawlepv,cprawlepv@hao123.com
Britta McLenaghan,bmclenaghanpw,bmclenaghanpw@printfriendly.com
Maure Etuck,metuckpx,metuckpx@barnesandnoble.com
Marianna Avramovic,mavramovicpy,mavramovicpy@xrea.com
Fae Cove,fcovepz,fcovepz@netlog.com
Sacha Cossington,scossingtonq0,scossingtonq0@pbs.org
Kenyon Blincoe,kblincoeq1,kblincoeq1@fda.gov
Cornela Burke,cburkeq2,cburkeq2@unblog.fr
Odella Humble,ohumbleq3,ohumbleq3@cdc.gov
Blondie Gutherson,bguthersonq4,bguthersonq4@bloglovin.com
Karim Lippi,klippiq5,klippiq5@wp.com
Terrel Binns,tbinnsq6,tbinnsq6@wired.com
Cesar Shreeve,cshreeveq7,cshreeveq7@foxnews.com
Halie Philpot,hphilpotq8,hphilpotq8@webs.com
Rees De Malchar,rdeq9,rdeq9@histats.com
Kai Gooderidge,kgooderidgeqa,kgooderidgeqa@webnode.com
Albina Rackley,arackleyqb,arackleyqb@nba.com
Tades Boardman,tboardmanqc,tboardmanqc@zdnet.com
Arny Gethyn,agethynqd,agethynqd@mysql.com
Nolie MacGuffog,nmacguffogqe,nmacguffogqe@google.pl
Shandeigh Yerill,syerillqf,syerillqf@mlb.com
Lonni Chapling,lchaplingqg,lchaplingqg@shutterfly.com
Rois Goldine,rgoldineqh,rgoldineqh@mapy.cz
Russell Barends,rbarendsqi,rbarendsqi@mysql.com
Nye Emmett,nemmettqj,nemmettqj@wp.com
Winnah Wharlton,wwharltonqk,wwharltonqk@dagondesign.com
Palm Confort,pconfortql,pconfortql@constantcontact.com
Robinet Satch,rsatchqm,rsatchqm@epa.gov
Laurel Lucken,lluckenqn,lluckenqn@indiegogo.com
Andy Preble,aprebleqo,aprebleqo@sina.com.cn
Alfonse Antushev,aantushevqp,aantushevqp@posterous.com
Shannah Canario,scanarioqq,scanarioqq@weather.com
Glori Bortolazzi,gbortolazziqr,gbortolazziqr@elegantthemes.com
Kamila Hallad,khalladqs,khalladqs@opera.com
Birch Argo,bargoqt,bargoqt@ftc.gov
Allene Merriman,amerrimanqu,amerrimanqu@google.de
Dylan Woodrow,dwoodrowqv,dwoodrowqv@boston.com
Alicia English,aenglishqw,aenglishqw@dot.gov
Kip Schusterl,kschusterlqx,kschusterlqx@example.com
Carce Reuther,creutherqy,creutherqy@bravesites.com
Dannie Banger,dbangerqz,dbangerqz@altervista.org
Marthe Crudge,mcrudger0,mcrudger0@uol.com.br
Daffi Pleager,dpleagerr1,dpleagerr1@vinaora.com
Celia Barukh,cbarukhr2,cbarukhr2@joomla.org
Carlota Bucham,cbuchamr3,cbuchamr3@pinterest.com
Duky Jocelyn,djocelynr4,djocelynr4@hao123.com
Jamie Mosedall,jmosedallr5,jmosedallr5@ameblo.jp
Bab Rocco,broccor6,broccor6@arstechnica.com
Meaghan Stairmand,mstairmandr7,mstairmandr7@mozilla.com
Avrom Viel,avielr8,avielr8@wix.com
Sari Leathwood,sleathwoodr9,sleathwoodr9@facebook.com
Zorina Iddins,ziddinsra,ziddinsra@npr.org
Wakefield Henrichs,whenrichsrb,whenrichsrb@diigo.com
Johnathon Sheraton,jsheratonrc,jsheratonrc@nhs.uk
Clarabelle Layton,claytonrd,claytonrd@linkedin.com
Thorsten Guierre,tguierrere,tguierrere@imageshack.us
Barty Vasin,bvasinrf,bvasinrf@skype.com
Leigh Parrott,lparrottrg,lparrottrg@google.com.br
Kerrie Zum Felde,kzumrh,kzumrh@t-online.de
Ervin Seabrook,eseabrookri,eseabrookri@geocities.com
Melodie Doolan,mdoolanrj,mdoolanrj@bloomberg.com
Wally Keely,wkeelyrk,wkeelyrk@yandex.ru
Suzie Barter,sbarterrl,sbarterrl@cnet.com
Gerri Stanley,gstanleyrm,gstanleyrm@ca.gov
Rosamond Wildgoose,rwildgoosern,rwildgoosern@twitter.com
Dale Broxap,dbroxapro,dbroxapro@bing.com
Mufi Mateu,mmateurp,mmateurp@oracle.com
Peadar Mulberry,pmulberryrq,pmulberryrq@blinklist.com
Rania Francecione,rfrancecionerr,rfrancecionerr@bbc.co.uk
